time,speed,steering_angle
1763391807.3017735,0,NaN
1763391807.3060503,NaN,90