time,speed,steering_angle
1763391798.6207333,0,NaN
1763391798.625002,NaN,90