time,speed,steering_angle
1763391748.0202491,0,NaN
1763391748.0309865,NaN,90