time,FG
1763120501.4536664,10
1763120501.4536715,10